bid_adjustment,budget_adjustment,audience_action_id,creative_action_id,roas,cpa,platform_encoding
0.10061563551425934,0.13786670565605164,0,3,2.1,0.048,0.0
0.09275776147842407,0.13360802829265594,0,3,1.95,0.041,0.2
0.0726090520620346,0.13055917620658875,0,3,3.2,0.052,0.4
0.09351254999637604,0.15762218832969666,0,3,1.7,0.06,0.6
0.07068764418363571,0.16259373724460602,0,3,2.0,0.09,0.8
