{
  "ctr": [
    0.13312434722345864,
    0.14030112047834384
  ],
  "cvr": [
    0.3142920055309917,
    0.27361378075331205
  ],
  "roas": [
    0.3942734001773154,
    0.2954531055663278
  ],
  "cpa": [
    0.5873205133993972,
    0.32600333102596385
  ],
  "cpc": [
    0.19839489979658353,
    0.1335401025346443
  ],
  "cpm": [
    0.4165091118345697,
    0.34981540653543086
  ],
  "spend_velocity": [
    0.7024175823225546,
    0.1751074350877997
  ],
  "impression_volume": [
    0.5331645218802892,
    0.4101961472559012
  ],
  "click_volume": [
    0.1786147904313986,
    0.2640767306829568
  ],
  "conversion_volume": [
    0.10982787690855561,
    0.2081144893045676
  ],
  "ctr_trend_7d": [
    -0.002510220630687238,
    0.02795150981840906
  ],
  "cvr_trend_7d": [
    -8.737596277866168e-05,
    0.04034216961199515
  ],
  "roas_trend_7d": [
    0.002153027711354164,
    0.1362408703860803
  ],
  "cpa_trend_7d": [
    0.001965086362212579,
    0.10052116211113822
  ],
  "spend_trend_7d": [
    -0.004274310555476029,
    0.06824202029166612
  ],
  "impression_share": [
    0.6493811125833036,
    0.204163085609276
  ],
  "auction_pressure": [
    0.3648570539097172,
    0.20418814784447648
  ],
  "competitive_position": [
    0.9266991283625293,
    0.07113009702458381
  ],
  "audience_quality_score": [
    0.5962921666756215,
    0.12087167305752995
  ],
  "creative_fatigue_score": [
    0.4316013342618148,
    0.18921116980999458
  ],
  "predicted_cvr": [
    0.0637827139220732,
    0.057998943503310404
  ],
  "predicted_ltv": [
    0.2042740967233277,
    0.17140391853432152
  ],
  "propensity_score": [
    0.3177394756728882,
    0.28141473047577215
  ],
  "campaign_maturity": [
    0.11090499755767817,
    0.07805975293809224
  ],
  "budget_utilization": [
    0.3790010907969554,
    0.2956354579591181
  ]
}