{
  "mean": [
    0.28155630826950073,
    0.09892503172159195,
    3.0189461708068848,
    2.173489809036255,
    0.12280166894197464,
    4.250236988067627,
    167.15316772460938,
    41.755863189697266,
    1.0002514123916626,
    0.07485619932413101,
    0.11295567452907562,
    0.1621534526348114,
    0.4161902666091919,
    0.00027017222600989044,
    0.00026733565027825534,
    -0.0003250371082685888,
    0.00048563408199697733,
    0.5450907349586487,
    0.39674651622772217,
    0.5974799394607544,
    1.7198209762573242,
    0.3267139792442322,
    0.1226910948753357,
    0.014334525913000107,
    0.15633459389209747,
    0.5490971803665161,
    0.6487389206886292,
    45.80028533935547,
    0.018393566831946373,
    3.0511727333068848,
    11.434967994689941,
    0.28784647583961487,
    0.19331911206245422,
    0.2999289333820343,
    0.25017768144607544,
    0.2000710666179657,
    0.14996446669101715,
    0.09985785186290741
  ],
  "std": [
    0.15741394460201263,
    0.0860336422920227,
    8.671378135681152,
    2.1812613010406494,
    0.06243014335632324,
    4.264665603637695,
    819.500244140625,
    221.81454467773438,
    0.11581826955080032,
    0.04983201250433922,
    0.07952069491147995,
    0.08224239200353622,
    0.08971533924341202,
    0.05720050260424614,
    0.05770273506641388,
    0.05751529335975647,
    0.05782589688897133,
    0.16179688274860382,
    0.11752305179834366,
    0.11622495204210281,
    0.6607728004455566,
    0.2146577090024948,
    0.08099223673343658,
    0.013708158396184444,
    0.06819750368595123,
    0.0873621478676796,
    0.08553486317396164,
    26.368133544921875,
    0.08794718235731125,
    1.9701603651046753,
    6.906204700469971,
    0.4527592062950134,
    0.3949010968208313,
    0.4582265615463257,
    0.43311524391174316,
    0.4000532627105713,
    0.3570365905761719,
    0.29981037974357605
  ],
  "features": [
    "ctr",
    "cvr",
    "cpa",
    "roas",
    "cpc",
    "cpm",
    "impressions",
    "clicks",
    "spend_velocity",
    "ctr_trend_7d",
    "cvr_trend_7d",
    "roas_trend_7d",
    "cpa_trend_7d",
    "spend_trend_7d",
    "impressions_trend_7d",
    "clicks_trend_7d",
    "conversions_trend_7d",
    "impression_share",
    "auction_pressure",
    "competitive_position",
    "audience_quality_score",
    "creative_fatigue_score",
    "predicted_cvr",
    "predicted_ltv",
    "predicted_revenue",
    "propensity_score",
    "engagement_score",
    "campaign_age_days",
    "budget_utilization",
    "day_of_week",
    "hour_of_day",
    "is_weekend",
    "is_holiday_season",
    "is_google",
    "is_meta",
    "is_amazon",
    "is_tiktok",
    "is_linkedin"
  ]
}