platform,row_id,input_roas,input_cpa,input_ctr,input_cvr,bid_adjustment,budget_adjustment,audience_action_id,creative_action_id,audience_action,creative_action,growth_score
google,0,2.1,0.048,0.06,0.035,0.1006156057119369,0.1378666907548904,0,3,HOLD,TEST_NEW,0.18817449361085883
meta,1,1.95,0.041,0.082,0.031,0.0927578136324882,0.1336080133914947,0,3,HOLD,TEST_NEW,0.1799869202077388
amazon,2,3.2,0.052,0.045,0.06,0.0726090595126152,0.1305591464042663,0,3,HOLD,TEST_NEW,0.1668636761605739
tiktok,3,1.7,0.06,0.112,0.018,0.0935125201940536,0.157622143626213,0,3,HOLD,TEST_NEW,0.2043784037232398
linkedin,4,2.0,0.09,0.03,0.024,0.0706876590847969,0.1625937521457672,0,3,HOLD,TEST_NEW,0.19793758168816566
