{
  "mean": [
    0.13312433660030365,
    0.3142920136451721,
    0.5873204469680786,
    0.39427340030670166,
    0.19839489459991455,
    0.41650909185409546,
    0.0,
    0.0,
    0.7024174928665161,
    -0.0025102205108851194,
    -8.737598545849323e-05,
    0.002153027569875121,
    0.001965086441487074,
    -0.004274310544133186,
    0.0,
    0.0,
    0.0,
    0.6493811011314392,
    0.3648570477962494,
    0.926699161529541,
    0.5962921380996704,
    0.43160131573677063,
    0.0637827217578888,
    0.20427410304546356,
    0.0,
    0.31773948669433594,
    0.0,
    0.0,
    0.37900108098983765,
    0.42846712470054626,
    0.5,
    0.28573980927467346,
    0.0,
    0.0,
    0.0,
    0.0,
    0.0,
    0.0,
    0.0,
    0.0,
    0.0,
    0.0,
    0.0,
    0.0,
    0.0,
    0.0,
    0.0
  ],
  "std": [
    0.14030006527900696,
    0.27361172437667847,
    0.3260009288787842,
    0.295450896024704,
    0.1335391104221344,
    0.3498128056526184,
    1.0,
    1.0,
    0.17510613799095154,
    0.027951302006840706,
    0.04034186899662018,
    0.13623985648155212,
    0.10052041709423065,
    0.06824151426553726,
    1.0,
    1.0,
    1.0,
    0.20416156947612762,
    0.20418663322925568,
    0.07112956792116165,
    0.12087077647447586,
    0.18920975923538208,
    0.05799851194024086,
    0.17140263319015503,
    1.0,
    0.28141263127326965,
    1.0,
    1.0,
    0.2956332564353943,
    0.2857381999492645,
    1.0,
    0.45176607370376587,
    1.0,
    1.0,
    1.0,
    1.0,
    1.0,
    1.0,
    1.0,
    1.0,
    1.0,
    1.0,
    1.0,
    1.0,
    1.0,
    1.0,
    1.0
  ],
  "features": [
    "ctr",
    "cvr",
    "cpa",
    "roas",
    "cpc",
    "cpm",
    "impressions",
    "clicks",
    "spend_velocity",
    "ctr_trend_7d",
    "cvr_trend_7d",
    "roas_trend_7d",
    "cpa_trend_7d",
    "spend_trend_7d",
    "impressions_trend_7d",
    "clicks_trend_7d",
    "conversions_trend_7d",
    "impression_share",
    "auction_pressure",
    "competitive_position",
    "audience_quality_score",
    "creative_fatigue_score",
    "predicted_cvr",
    "predicted_ltv",
    "predicted_revenue",
    "propensity_score",
    "engagement_score",
    "campaign_age_days",
    "budget_utilization",
    "day_of_week",
    "hour_of_day",
    "is_weekend",
    "is_holiday_season",
    "log_daily_spend",
    "log_total_campaign_spend",
    "log_daily_budget",
    "segment_count",
    "top_segment_roas",
    "avg_frequency",
    "target_cpa_norm",
    "min_roas_norm",
    "daily_budget_limit_norm",
    "is_google",
    "is_meta",
    "is_amazon",
    "is_tiktok",
    "is_linkedin"
  ]
}